image_path,caption,emoset label,paletz pred,paletz pred id,goemo pred,goemo pred id,semeval pred,semeval pred id
C:\Users\manee\EmoSet-118K-7\image/excitement/excitement_01389.jpg,"In a vibrant display of unity and joy, a diverse group of seven women stands together in front of a rustic brick wall. They are all smiling broadly, radiating warmth and happiness. Each woman showcases her unique style, from playful curls to sleek hair, and casual outfits that reflect individuality. Their body language indicates closeness, with arms around each other and relaxed postures, suggesting a sense of camaraderie and celebration. This image captures the essence of friendship and the joy of togetherness.",3,happiness,2,joy,2,joy,0
C:\Users\manee\EmoSet-118K-7\image/contentment/contentment_16206.jpg,"A joyful child plays exuberantly in a fountain, water cascading around them as they beam with a wide, infectious smile. Their laughter and carefree spirit embody sheer happiness, capturing a moment of pure delight and satisfaction in the playful dance of water and sunlight.",2,happiness,2,joy,2,joy,0
C:\Users\manee\EmoSet-118K-7\image/contentment/contentment_01907.jpg,"In this joyful scene, a couple stands together, smiling broadly as they prepare to cut a beautifully decorated wedding cake. The woman, dressed in an elegant, sparkling gown, is leaning closer to her partner, who is neatly attired in a classic tuxedo. Their expressions are filled with happiness and excitement, embodying a sense of celebration and love. In the background, guests are capturing the moment, enhancing the festive atmosphere of this special occasion. The presence of champagne glasses and a well-lit setting adds",2,happiness,2,joy,2,joy,0
C:\Users\manee\EmoSet-118K-7\image/anger/anger_02869.jpg,"The image captures a man holding up a pair of pants that have a large hole in the front, revealing a look of surprise and frustration on his face. His expression suggests a mix of confusion and annoyance, as he examines the unexpected damage to his clothing, likely feeling embarrassed about the situation. The casual setting adds to the lighthearted yet awkward nature of the moment.",4,sadness,7,disgust,5,sadness,7
C:\Users\manee\EmoSet-118K-7\image/sadness/sadness_00007.jpg,"A serene and haunting scene unfolds in a mist-laden graveyard, where ancient tombstones rise from the soft, grassy ground. The thick fog envelops the landscape, blurring the outlines of distant monuments and creating an atmosphere of quiet reflection and somberness. The stillness suggests a deep connection to memories of those who have passed, evoking feelings of melancholy and contemplation.",7,sadness,7,fear,6,joy,0
C:\Users\manee\EmoSet-118K-7\image/excitement/excitement_12210.jpg,"In a dynamic moment captured on the track, two runners race against each other; one displays determination and focus while sprinting with intensity, and the other exudes excitement and energy, embodying a spirit of competition. The image conveys a sense of urgency and camaraderie, as onlookers cheer them on, creating an atmosphere filled with motivation and encouragement.",3,happiness,2,joy,2,joy,0
C:\Users\manee\EmoSet-118K-7\image/excitement/excitement_18309.jpg,"The image captures two young women walking side by side, both dressed in sporty outfits and accessories like baseball caps and knee-high socks. They exude a sense of joy and confidence, with smiling faces and carefree postures. The lively atmosphere suggests they are enjoying a festive event, likely in a celebratory or social setting. Their playful expressions and vibrant attire reflect excitement and camaraderie, indicative of a positive, happy emotion.",3,happiness,2,joy,2,joy,0
C:\Users\manee\EmoSet-118K-7\image/fear/fear_10529.jpg,"In a surreal and dramatic setting, a woman stands confidently in a modern living room, embodying a striking mix of defiance and dark humor. She holds a chainsaw in one hand and a playful, sinister mask in the other, surrounded by a chaotic scene. A figure lies on the floor, dressed in a graphic t-shirt, with splashes of red creating an unsettling yet surreal ambiance. The contrast between the playful elements and the intense imagery suggests a feeling of empowerment amidst chaos, inviting a complex",6,happiness,2,disgust,5,joy,0
C:\Users\manee\EmoSet-118K-7\image/excitement/excitement_07799.jpg,"A lively and vibrant scene captures a carnival parade, where participants adorned in bright blue costumes and sparkly attire exude joy and celebration. The individuals showcase a playful camaraderie, with one wearing a flashy suit resembling a clear sky, while another matches in colorful, flowing attire. This festive atmosphere reflects exuberance, enthusiasm, and a sense of community, inviting observers to feel the infectious spirit of the celebration.",3,happiness,2,joy,2,joy,0
C:\Users\manee\EmoSet-118K-7\image/fear/fear_13411.jpg,"In this charming scene, a group of playful sea otters floats together in the water, appearing relaxed and content as they drift on their backs. Their soft fur glistens in the light, and some are playfully interacting with one another, showcasing a sense of joy and camaraderie. The serene environment enhances their tranquil demeanor, evoking feelings of happiness and warmth. This image captures a moment of carefree bliss in nature.",6,happiness,2,joy,2,joy,0
C:\Users\manee\EmoSet-118K-7\image/contentment/contentment_09710.jpg,"A joyful couple is captured in a moment of carefree happiness, with bright smiles and playful gazes. The woman, dressed in a checkered shirt, leans into the man, who wears a vibrant red shirt, as they sway together with the support of a rope. Their expressions radiate excitement and affection against a clear blue sky, embodying a sense of fun and adventure.",2,happiness,2,joy,2,joy,0
C:\Users\manee\EmoSet-118K-7\image/contentment/contentment_14400.jpg,"A vibrant cluster of red tulips stands tall against a lush green backdrop, their petals glistening in the sunlight. The blossoms radiate a sense of joy and warmth, evoking feelings of love and celebration, while the surrounding greenery enhances a sense of tranquility and freshness.",2,happiness,2,joy,2,joy,0
C:\Users\manee\EmoSet-118K-7\image/contentment/contentment_08735.jpg,"A peaceful scene captures a serene pond surrounded by lush greenery, where a line of wooden posts juts out from the water. Several white birds sit gracefully on the posts, embodying a sense of calm and tranquility. The gentle ripples on the pond's surface reflect the sunlight, enhancing the serene atmosphere of this idyllic setting, suggesting emotions of peace and contentment.",2,happiness,2,joy,2,joy,0
C:\Users\manee\EmoSet-118K-7\image/anger/anger_07668.jpg,"In this image, two lions are captured in a moment of vocal expression, both yawning widely. Their open mouths display sharp teeth, indicating a relaxed yet assertive state. The body language of the lions suggests a sense of comfort in their surroundings, as they recline on the ground amidst lush greenery. The scene evokes a feeling of majesty and tranquility in the animal kingdom.",4,happiness,2,joy,2,joy,0
C:\Users\manee\EmoSet-118K-7\image/fear/fear_03523.jpg,"In this image, a person is expressing a fierce and menacing emotion, characterized by a wide, toothy grin and exaggerated facial features, including heavy makeup. Their outstretched hands and intense gaze amplify the sense of aggression or mock intimidation, suggesting a playful yet eerie character, possibly for a costume or performance. The overall atmosphere hints at a theatrical or horror theme.",6,amusement,0,fear,6,joy,0
C:\Users\manee\EmoSet-118K-7\image/sadness/sadness_09286.jpg,"The image captures a man lying down, deeply absorbed in thought. His bluish eyes and the soft glow of the device he holds against the dark background create a somber atmosphere. The casual position of his hand suggests introspection or weariness, possibly reflecting emotions of sadness or melancholy as he listens through his headphones, enveloped in his own world.",7,happiness,2,sadness,7,joy,0
C:\Users\manee\EmoSet-118K-7\image/excitement/excitement_16815.jpg,"A surfer stands triumphantly on his board, arms raised in celebration as he successfully rides a wave. His expression radiates joy and exhilaration, embodying the thrill of the moment. In the background, other surfers focus on their own rides, highlighting a vibrant and active beach atmosphere. The bright blue ocean and clear sky add to the sense of freedom and happiness.",3,happiness,2,joy,2,joy,0
C:\Users\manee\EmoSet-118K-7\image/excitement/excitement_19392.jpg,"A joyful and celebratory moment captured at a vibrant pride event, where a smiling mother poses with her two daughters. The girls, one holding a teddy bear, exude happiness as they stand in front of a large rainbow flag, symbolizing inclusivity and love. The atmosphere is filled with excitement, community spirit, and a sense of pride.",3,happiness,2,joy,2,joy,0
C:\Users\manee\EmoSet-118K-7\image/awe/awe_07227.jpg,"A vibrant rainbow arcs gracefully across a bright blue sky, framed by soft, billowing clouds. The contrast between the vivid colors of the rainbow and the serene backdrop of the sky evokes a sense of hope and tranquility, suggesting a peaceful resolution following a storm. The warm light shining through hints at a fresh start and the promise of brighter days ahead.",1,happiness,2,excitement,3,joy,0
C:\Users\manee\EmoSet-118K-7\image/amusement/amusement_16930.jpg,"A whimsical, brightly colored owl figurine perches on a pink pedestal, surrounded by vivid flowers and playful design elements. Its wide eyes and detailed feathers evoke a sense of curiosity and watching, suggesting an emotion of attentive wisdom and playful alertness in this charming scene. The lively colors and playful context contribute to an overall feeling of cheerfulness and imagination.",0,happiness,2,joy,2,joy,0
C:\Users\manee\EmoSet-118K-7\image/contentment/contentment_13549.jpg,"A curious orange cat lounges comfortably on a step ladder, gazing intently at something off-camera. Its ears are perked up, and its wide eyes reflect a mix of intrigue and calm. The backdrop features delicate floral patterns, enhancing the cozy atmosphere. This setting suggests a sense of alert curiosity, as the cat seems both relaxed yet focused.",2,happiness,2,joy,2,joy,0
C:\Users\manee\EmoSet-118K-7\image/disgust/disgust_08071.jpg,"Two pale worms are seen slithering across a wet, rocky surface, surrounded by small pebbles and mud. The atmosphere appears calm and unhurried, suggesting a sense of quiet exploration. The worms' movements may evoke feelings of curiosity or unease, reflecting the complexity of life found in damp environments. The overall scene embodies a natural, interconnected moment in the ecosystem, inviting reflection on the unnoticed details of nature.",5,sadness,7,disgust,5,joy,0
C:\Users\manee\EmoSet-118K-7\image/sadness/sadness_06071.jpg,"A solitary figure stands amidst the tombstones in a dimly lit graveyard, illuminated only by the soft glow of the moon overhead. The scene conveys a sense of introspection and melancholy, as the individual appears to be lost in thought. The stark contrast of shadows and light enhances the somber atmosphere, evoking feelings of solitude and reflection on themes of life, loss, and remembrance.",7,happiness,2,sadness,7,joy,0
C:\Users\manee\EmoSet-118K-7\image/sadness/sadness_02555.jpg,"The image depicts a serene cemetery scene featuring a graceful statue of a woman adorned in flowing garments, holding a bouquet of lilies. Beside her, a weathered gravestone adorned with ivy suggests a connection to the past. The overall atmosphere conveys a sense of tranquility and remembrance, evoking emotions of nostalgia and reverence for those who have passed. The gentle posture of the statue and the natural elements surrounding it reflect themes of peace and reflection.",7,happiness,2,joy,2,joy,0
C:\Users\manee\EmoSet-118K-7\image/excitement/excitement_16796.jpg,"In the image, two men stand together in a lively setting, likely a nightclub or party. The man on the left appears focused and serious, wearing glasses and a headset, suggesting he's engaged in his role, possibly as a DJ. In contrast, the man on the right is exuberantly playful, sticking out his tongue and striking a fun pose. His body language radiates enthusiasm and carefree spirit, contrasting with his friend's demeanor. The ambiance seems energetic, hinting at a celebratory mood. Overall",3,happiness,2,amusement,0,joy,0
C:\Users\manee\EmoSet-118K-7\image/amusement/amusement_10685.jpg,"A beautifully crafted carousel horse, named ""Salome,"" stands proudly amidst the whimsical backdrop of a festive amusement park. Its serene expression and detailed features evoke a sense of nostalgia and innocence, highlighting a moment of joy and carefree childhood memories. The soft lighting and vibrant colors in the background further enhance this enchanting atmosphere, inviting viewers to experience a blend of happiness and wistfulness.",0,happiness,2,excitement,3,joy,0
C:\Users\manee\EmoSet-118K-7\image/contentment/contentment_12660.jpg,"A cheerful toddler sits in a high chair, reaching out with excitement toward a soft toy dog. His big smile reveals a sense of joy and playfulness, while bits of apple scattered on the tray indicate a recent snack time. The warm, inviting background adds to the atmosphere of happiness and connection in this playful moment.",2,happiness,2,joy,2,joy,0
C:\Users\manee\EmoSet-118K-7\image/sadness/sadness_03145.jpg,"A solitary figure in a white outfit walks along the edge of a muted blue pool, surrounded by leafless trees that reach toward a dark backdrop. The person's downcast posture and slow, measured pace evoke a sense of contemplation and introspection, suggesting feelings of loneliness or sadness in a tranquil yet stark environment.",7,happiness,2,sadness,7,sadness,7
C:\Users\manee\EmoSet-118K-7\image/amusement/amusement_19039.jpg,"In this lively image, three young individuals are beaming with joy, their broad smiles radiating happiness and friendship. The group is clustered together, exuding a sense of camaraderie and warmth. Their cheerful expressions and playful poses suggest a moment of celebration or shared excitement, capturing the essence of a fun and memorable outing. The bright colors of their clothing, paired with the sunny environment, further enhance the overall feeling of positivity and carefree enjoyment.",0,happiness,2,joy,2,joy,0
C:\Users\manee\EmoSet-118K-7\image/sadness/sadness_03215.jpg,"A young woman sits on the sandy beach, gazing thoughtfully at the waves rolling in. Her posture is relaxed yet introspective, with her knees drawn to her chest and her arms resting on them. The polka-dotted swimsuit contrasts with the natural hues of the beach, and the soft light reflects a serene atmosphere. The gentle sound of the ocean suggests a moment of contemplation, evoking feelings of tranquility and perhaps a hint of wistfulness.",7,happiness,2,joy,2,joy,0
C:\Users\manee\EmoSet-118K-7\image/anger/anger_07064.jpg,"A black kettle swings gently over a crackling campfire, its flames dancing brightly against a backdrop of lush greenery. The wood logs, charred and glowing, hint at warmth and the comfort of shared moments outdoors. This scene evokes a sense of tranquility and nostalgia, capturing the essence of cozy gatherings and the simple joys of nature.",4,happiness,2,joy,2,joy,0
C:\Users\manee\EmoSet-118K-7\image/awe/awe_13652.jpg,"A solitary tree stands against a breathtaking sunset, its bare branches reaching towards the sky like a silent testament to resilience. Surrounding it are evergreen trees, cloaked in soft, white snow, creating a serene winter landscape. The warm hues of the setting sun contrast with the coolness of the snow, evoking feelings of solitude intertwined with hope. This tranquil scene captures a moment of reflection and the beauty of nature’s cycles, inviting contemplation and serene emotions.",1,happiness,2,joy,2,joy,0
C:\Users\manee\EmoSet-118K-7\image/fear/fear_02678.jpg,"A mature woman confidently strides down a stage, wearing a floral dress and a stylish headpiece. The expression on her face conveys a mix of determination and self-assuredness, suggesting she is embracing the moment with pride. The backdrop is simple and dark, allowing her presence and outfit to stand out, highlighting her individuality and strength. This scene captures a spirit of empowerment and resilience, evoking emotions of joy and celebration.",6,happiness,2,joy,2,joy,0
C:\Users\manee\EmoSet-118K-7\image/amusement/amusement_14562.jpg,"In this playful yet contrasting scene, three children are experiencing a mix of emotions on a ride. The child on the left is expressing fear with wide eyes and a distressed expression, while the girl in the middle beams with joy, showcasing a big smile and carefree spirit. The boy on the right appears anxious, his face contorted in distress. The colorful, cartoonish background adds a whimsical touch, highlighting the thrill and unpredictability of childhood adventures.",0,happiness,2,fear,6,joy,0
C:\Users\manee\EmoSet-118K-7\image/fear/fear_08864.jpg,"The image presents a desolate interior space, partially illuminated by natural light streaming through an open window. The remnants of a once lively room—cracked walls, scattered debris, and a worn ceiling—evoke a sense of abandonment and nostalgia. The interplay of light and shadow enhances the mood, suggesting feelings of loneliness and a haunting beauty in decay. This atmosphere invites contemplation about the passage of time and the stories left behind.",6,sadness,7,sadness,7,joy,0
C:\Users\manee\EmoSet-118K-7\image/excitement/excitement_10551.jpg,"A cheerful dog sits happily beside its owner, showcasing a broad smile with its tongue out and expressive eyes. The dog's body language suggests excitement and contentment, as it enjoys the companionship and the playful atmosphere of the outdoors. The relaxed posture and the vibrant setting indicate a joyful moment, perfect for capturing the essence of happiness and affection.",3,happiness,2,joy,2,joy,0
C:\Users\manee\EmoSet-118K-7\image/excitement/excitement_12527.jpg,"A group of young girls stands close together, smiling and laughing joyfully. One girl in the foreground, with long blonde hair and wearing a pink jacket, has her head thrown back in exuberance, clearly enjoying a lighthearted moment. The other girls behind her share in the laughter, creating a lively and cheerful atmosphere. Their playful expressions convey a sense of friendship and happiness, suggesting a moment of fun during their day.",3,happiness,2,joy,2,joy,0
C:\Users\manee\EmoSet-118K-7\image/amusement/amusement_14988.jpg,"The image depicts a person standing in clear, shallow water, facing away from the camera. Their arms are raised joyfully towards the sky, suggesting a sense of freedom and exhilaration. The bright blue sky and serene water enhance the feeling of peace and happiness, evoking a carefree, celebratory mood. The scene captures the essence of embracing nature and enjoying a moment of pure bliss.",0,happiness,2,joy,2,joy,0
C:\Users\manee\EmoSet-118K-7\image/excitement/excitement_07405.jpg,"In this bright, sunny scene, two pelicans stand closely together by a serene pond, their elegant bodies framed by rocky borders and lush greenery. Their beaks are prominently displayed, curving gracefully as they face the viewer. The posture and proximity of the pelicans suggest a sense of companionship and tranquility, evoking feelings of calm and harmony in nature. The soft colors of their feathers amplify the peaceful mood of the setting.",3,happiness,2,joy,2,joy,0
C:\Users\manee\EmoSet-118K-7\image/contentment/contentment_15448.jpg,"A joyful baby peeks over the shoulder of an adult with a wide, cheerful grin and sparkling blue eyes, showcasing an innocent delight. Drool drips playfully from the baby's mouth, adding to the lighthearted, carefree atmosphere of the moment. The adult's amused expression suggests a bond of affection and playfulness, emphasizing the shared joy in this delightful interaction.",2,happiness,2,joy,2,joy,0
C:\Users\manee\EmoSet-118K-7\image/disgust/disgust_01852.jpg,"A young child wearing a bright red Hawaiian shirt crouches intently in a field of green grass, displaying a focused expression. The child's brow is furrowed, and their mouth is slightly open, suggesting a mix of determination and curiosity as they explore their surroundings. The pose conveys a sense of engagement with the natural world, highlighting a moment of playful discovery.",5,happiness,2,excitement,3,joy,0
C:\Users\manee\EmoSet-118K-7\image/amusement/amusement_09389.jpg,"The image depicts a dilapidated wooden structure, with weathered planks and signs of decay, surrounded by intertwining vines and a backdrop of bare trees. The scene evokes a sense of desolation and neglect, capturing the passage of time and the remnants of what once was. The muted colors and stark composition may inspire feelings of melancholy or contemplation.",0,sadness,7,disgust,5,joy,0
C:\Users\manee\EmoSet-118K-7\image/fear/fear_06426.jpg,"A close-up view of green buds nestled among lush green leaves, held gently between fingers. The image conveys a sense of new life and growth, suggesting feelings of hope and tranquility as nature awakens. The vibrant colors and intricate textures evoke a connection to the earth and the beauty of natural cycles.",6,happiness,2,joy,2,joy,0
C:\Users\manee\EmoSet-118K-7\image/contentment/contentment_00147.jpg,"In this serene landscape, two individuals are captivated by the majestic view of a volcanic mountain. One person is crouched down, deeply focused on capturing the scene with a camera, while the other stands with arms crossed, gazing thoughtfully at the expansive view. The atmosphere suggests a blend of awe and contemplation, as they both take in the beauty of nature around them. The bright sunlight and clear sky enhance the sense of tranquility and wonder in this moment.",2,happiness,2,joy,2,joy,0
C:\Users\manee\EmoSet-118K-7\image/contentment/contentment_10565.jpg,"The image captures a performer on stage, exuding joy and confidence as she sings into a microphone. Her wide smile and expressive body language, coupled with vibrant attire, suggest a celebration of music and connection with the audience. The bright yellow backdrop enhances the lively atmosphere, emphasizing feelings of happiness and enthusiasm.",2,happiness,2,joy,2,joy,0
C:\Users\manee\EmoSet-118K-7\image/excitement/excitement_15639.jpg,"A large, colorful clown statue stands in a park, its exaggerated features and playful design evoke a sense of whimsy and cheerfulness. The clown's wide grin and bright colors invite a feeling of joy, suggesting a lighthearted atmosphere typical of amusement parks. Surrounding greenery enhances the bright, vibrant scene, making it feel lively and fun.",3,happiness,2,joy,2,joy,0
C:\Users\manee\EmoSet-118K-7\image/amusement/amusement_17315.jpg,"The image depicts a mask-like figure with an exaggerated, wide-open mouth and hollow eyes, conveying a sense of fear or anguish. The use of muted colors and dark shadows enhances the eerie atmosphere, evoking feelings of distress or horror. The overall impression is one of intense emotion, likely representing themes of despair or a primal scream.",0,happiness,2,fear,6,fear,6
C:\Users\manee\EmoSet-118K-7\image/fear/fear_03340.jpg,"A serene desert landscape under the tranquil glow of a starry night sky. The soft contours of the sand dunes create an undulating pattern, bathed in gentle moonlight. This peaceful scene evokes feelings of solitude and contemplation, inviting a sense of calm and introspection amidst the vastness of nature. The stars twinkle silently above, enhancing the feeling of being lost in a serene, otherworldly moment.",6,happiness,2,joy,2,joy,0
C:\Users\manee\EmoSet-118K-7\image/awe/awe_07919.jpg,"A serene landscape unfolds under a vast sky, where a vibrant rainbow arcs gracefully over rolling hills. The terrain is a blend of muted earth tones and patches of lush greenery, contrasting with the dramatic, cloudy backdrop. The scene evokes a sense of hope and tranquility, suggesting a moment of beauty and renewal after a passing rainstorm. This harmonious interplay of elements invites feelings of peace and optimism.",1,happiness,2,joy,2,joy,0
C:\Users\manee\EmoSet-118K-7\image/excitement/excitement_18762.jpg,"A vibrant sunset paints the sky in hues of orange, pink, and purple, creating a breathtaking backdrop as a solitary airplane flies across the horizon. The contrast between the warm colors of the sunset and the silhouette of the aircraft evokes a sense of tranquility and wonder, inviting moments of reflection and contemplation on life's journeys and the beauty of nature.",3,happiness,2,excitement,3,joy,0
C:\Users\manee\EmoSet-118K-7\image/awe/awe_00711.jpg,"The image captures a tiger with its mouth wide open in a powerful roar, showcasing sharp teeth and a fierce expression. The tension in its posture and the intensity in its eyes convey a sense of assertiveness and dominance, suggesting the tiger is either marking its territory or responding to a perceived threat. The surrounding enclosure hints at a wild creature confined, emphasizing an emotion of frustration or agitation.",1,happiness,2,fear,6,joy,0
C:\Users\manee\EmoSet-118K-7\image/awe/awe_00472.jpg,"An old, abandoned house stands amidst a tangle of overgrown vines and shrubs, its weathered walls nearly obscured by nature's embrace. The muted black and white tones enhance the somber atmosphere, evoking a sense of decay and nostalgia. The boarded windows add a haunting quality, suggesting stories long forgotten. This scene captures a feeling of isolation and time's relentless passage, inviting reflection on the past and the mysteries it holds.",1,sadness,7,disgust,5,sadness,7
C:\Users\manee\EmoSet-118K-7\image/anger/anger_04938.jpg,"A breathtaking sunset casts serene hues of orange and pink across the sky, reflecting on the calm waters below. Silhouetted sailboats gently bob on the water, while a distant ship navigates toward the horizon. The atmosphere evokes a sense of tranquility and wonder, inviting viewers to pause and appreciate the beauty of nature, fostering feelings of peace and introspection.",4,happiness,2,joy,2,joy,0
C:\Users\manee\EmoSet-118K-7\image/fear/fear_12454.jpg,"A delicate hand emerges, gently lifting a sheer veil that shrouds the scene in a sense of mystery and introspection. The soft fabric billows around the arm, creating an ethereal contrast against the dark background. This image evokes feelings of vulnerability and contemplation, inviting the viewer to explore the interplay between concealment and revelation. The subtle movement suggests a yearning for freedom and connection, capturing a moment that is both intimate and profound.",6,happiness,2,surprise,1,joy,0
C:\Users\manee\EmoSet-118K-7\image/awe/awe_07415.jpg,"A close-up view of a textured surface featuring a mix of organic materials, moisture, and air bubbles, creating an abstract composition of dark, murky colors interspersed with vibrant greens. The interplay of light and shadow suggests a sense of depth, evoking feelings of intrigue and contemplation, as if it reveals hidden mysteries beneath its surface.",1,happiness,2,surprise,1,joy,0
C:\Users\manee\EmoSet-118K-7\image/fear/fear_01369.jpg,"In this joyful family portrait, a man, two girls, and a woman stand together against a textured wall, all wearing bright smiles. The group exudes happiness and togetherness, with the children playfully positioned in the front. The warmth of the moment reflects a sense of love and connection, capturing a delightful family outing or gathering.",6,happiness,2,joy,2,joy,0
C:\Users\manee\EmoSet-118K-7\image/disgust/disgust_04439.jpg,"A slightly wrinkled, oversized tomato rests in a shallow dish, illuminated by soft, ambient light from a nearby refrigerator. The tomato’s deep red hue contrasts with the cool blue tones surrounding it, evoking a sense of nostalgia or longing. Its rounded, imperfect shape suggests a story of growth, vulnerability, and the passage of time, inviting viewers to reflect on themes of beauty in imperfection and the fleeting nature of freshness.",5,happiness,2,excitement,3,joy,0
C:\Users\manee\EmoSet-118K-7\image/amusement/amusement_17092.jpg,"A vivid red poppy flower stands in the foreground, its delicate petals unfurling to reveal a striking contrast of orange and yellow stamens at the center. The lush green foliage and soft bokeh of natural stone in the background create a serene and tranquil ambiance. This image evokes feelings of beauty, freshness, and a sense of peacefulness, inviting contemplation and appreciation of nature's artistry.",0,happiness,2,joy,2,joy,0
C:\Users\manee\EmoSet-118K-7\image/disgust/disgust_01924.jpg,"In this serene desert scene, two traditional tents stand amidst undulating sand dunes under a clear blue sky. The warm golden hues of the sand contrast with the earthy tones of the tents. A solitary dried shrub adds a touch of life to the vast, barren landscape, evoking a sense of isolation and quiet resilience. The expansive rocky mountains in the background hint at the majesty of nature, creating a feeling of solitude and introspection. This composition may evoke emotions of tranquility and contemplation, as one reflects",5,happiness,2,joy,2,joy,0
C:\Users\manee\EmoSet-118K-7\image/contentment/contentment_06153.jpg,"An expansive aerial view captures a tranquil landscape blanketed in soft, wispy morning fog. The scene is painted in gentle hues of blue and gray, with low-lying clouds creating a serene atmosphere. Rolling hills and winding roads disappear into the mist, evoking feelings of calmness and introspection. The stillness of the water reflects the softly diffused light, enhancing the overall sense of peace and quietude, inviting the viewer to embrace a moment of reflection and solitude.",2,happiness,2,joy,2,joy,0
C:\Users\manee\EmoSet-118K-7\image/awe/awe_06726.jpg,"The image conveys a festive and cheerful atmosphere, capturing the essence of the holiday season. A bright red jingle bell hangs from a decorated pine branch, suggesting joy and celebration. The text promotes an upcoming event, ""Glorious Sounds of the Season,"" further enhancing the feeling of excitement and anticipation associated with holiday festivities. Overall, the emotion present is one of warmth, joy, and seasonal cheer.",1,happiness,2,joy,2,joy,0
C:\Users\manee\EmoSet-118K-7\image/awe/awe_08534.jpg,"Amidst the breathtaking scene of a magnificent waterfall, a vibrant rainbow arches gracefully above the cascading water, symbolizing hope and joy. The sun shines brightly through the fluffy clouds, creating a serene atmosphere filled with wonder and awe. The lush greenery surrounding the falls adds to the natural beauty, evoking a sense of peace and exhilaration. This scene captures a moment of tranquility paired with the exhilarating power of nature, inviting feelings of joy and inspiration.",1,happiness,2,joy,2,joy,0
C:\Users\manee\EmoSet-118K-7\image/amusement/amusement_03373.jpg,"A cheerful bear dressed in a sailor suit waves enthusiastically from a charming gazebo decorated with colorful flags. Surrounded by vibrant flowers in pots and playful nautical elements, the scene radiates a sense of joy and friendliness, inviting viewers to share in the festive atmosphere.",0,happiness,2,joy,2,joy,0
C:\Users\manee\EmoSet-118K-7\image/contentment/contentment_02627.jpg,"In this image, a peacock stands prominently in the foreground, its vibrant green and blue feathers shimmering, despite some dampness from recent rain. Behind it, another peacock appears more subdued, blending into the background. The scene evokes a sense of awareness and observation, as the peacock in the foreground gazes intently, suggesting curiosity or pride. The lush, green grass complements the birds’ iridescent colors, adding to the serene yet alert atmosphere.",2,happiness,2,excitement,3,joy,0
C:\Users\manee\EmoSet-118K-7\image/sadness/sadness_00355.jpg,"The image features a whimsical snowman figurine, adorned with a vibrant green hat and a joyful expression. Its round face is painted with rosy cheeks and a slight smile, characterized by black buttons for eyes and an orange carrot-shaped nose. The overall design conveys a sense of cheerfulness and warmth, evoking feelings of happiness and festive spirit.",7,happiness,2,joy,2,joy,0
C:\Users\manee\EmoSet-118K-7\image/amusement/amusement_17879.jpg,"Two young children sit on a wooden bench, beaming with joy. The girl, dressed in a Florida cheerleading outfit, has bright curls and a wide smile that radiates happiness. Her playful demeanor suggests excitement. Beside her, a boy in a matching sporty outfit mirrors her expression, showcasing his cheerful demeanor with a captivating grin. Their vibrant clothing and warm smiles reflect a moment of pure delight and camaraderie, capturing the essence of childhood joy.",0,happiness,2,joy,2,joy,0
C:\Users\manee\EmoSet-118K-7\image/excitement/excitement_11596.jpg,"In a vibrant outdoor setting, three children play joyfully near a colorful building adorned with traditional architecture. One boy in a blue sweater stands proudly on the path, his broad smile radiating happiness and excitement. Another child crouches down, seemingly engaged in a playful act, while a third child peeks from behind, enhancing the playful atmosphere. The lush greenery and bright colors surrounding them amplify the sense of carefree joy and innocence in their expressions and movements.",3,happiness,2,joy,2,joy,0
C:\Users\manee\EmoSet-118K-7\image/awe/awe_05458.jpg,"The image captures a warm, friendly interaction between two individuals shaking hands, with a third person observing nearby. The scene is set against a festive backdrop, illuminated by soft lighting, suggesting a cheerful and welcoming atmosphere. The individuals appear engaged and amiable, likely sharing a moment of connection and goodwill. Their expressions and body language convey openness and positivity, reflecting an emotion of joy or camaraderie.",1,happiness,2,joy,2,joy,0
C:\Users\manee\EmoSet-118K-7\image/amusement/amusement_05180.jpg,"The image captures a young woman expressing a strong emotion of anger or frustration. Her facial expression includes clenched teeth and narrowed eyes, conveying intense displeasure. The background suggests a lively social setting, which contrasts with her apparent irritation. This contrast highlights the intensity of her emotion in the midst of a cheerful environment.",0,happiness,2,joy,2,anger,4
C:\Users\manee\EmoSet-118K-7\image/anger/anger_11549.jpg,"The image features a charming display of two stuffed toys: a smiling doll with red braids dressed in a light blue outfit and a playful character resembling a cowboy, both hanging against a vibrant blue wooden door. This delightful scene evokes feelings of nostalgia and innocence, connecting the viewer to childhood memories and a sense of warmth and joy.",4,happiness,2,joy,2,joy,0
C:\Users\manee\EmoSet-118K-7\image/amusement/amusement_16343.jpg,"A solemn angelic statue stands gracefully beside a weathered stone cross, symbolizing remembrance and loss. The angel, with intricately carved wings, gazes downward, embodying emotions of mourning and reflection. The surrounding greenery adds a sense of tranquility, contrasting with the weight of the memorial. This scene evokes feelings of nostalgia and reverence, inviting viewers to contemplate themes of grief and eternal remembrance.",0,happiness,2,excitement,3,joy,0
C:\Users\manee\EmoSet-118K-7\image/sadness/sadness_07037.jpg,"A vibrant cityscape under a mix of sunshine and clouds, with a striking rainbow arcing across the sky. The scene captures a feeling of hope and renewed energy amidst the dynamic urban environment, suggesting a sense of optimism and beauty after a passing storm. The blend of modern architecture and historic buildings symbolizes resilience and growth, inviting viewers to appreciate the charm of the location.",7,happiness,2,joy,2,joy,0
C:\Users\manee\EmoSet-118K-7\image/awe/awe_12047.jpg,"An elderly man walks along a busy sidewalk, his gaze cast downward and hands tucked into his pockets. His slouched posture and furrowed brow suggest a deep sense of reflection or sadness, contrasting with the bustling activity of those around him. The monochromatic tones enhance the somber mood, highlighting his isolation amidst the crowd.",1,happiness,2,sadness,7,joy,0
C:\Users\manee\EmoSet-118K-7\image/sadness/sadness_07844.jpg,"A weathered stone statue of a young girl stands with her back turned, gazing toward a serene cemetery landscape. The surrounding trees sway gently, casting soft shadows on the grassy ground. The moody, overcast sky adds an air of melancholy, evoking a sense of nostalgia and reflection. The scene suggests emotions of longing and remembrance, inviting contemplation about the past and those who have come before.",7,happiness,2,excitement,3,joy,0
C:\Users\manee\EmoSet-118K-7\image/sadness/sadness_00428.jpg,"A young girl stands on a sandy beach, her arms wide open in an expression of pure joy and excitement. She wears a white dress with intricate lace patterns and a large white bow in her hair. With a big smile and her tongue playfully sticking out, she exudes a sense of carefree happiness, celebrating the beauty of her surroundings. The soft, serene beach landscape enhances the vibrant emotion she portrays, capturing a moment of unrestrained delight.",7,happiness,2,joy,2,joy,0
C:\Users\manee\EmoSet-118K-7\image/excitement/excitement_11504.jpg,"A cluster of bananas displays a mix of ripeness, with some showing a vibrant yellow hue while others are marred by dark brown spots and cracks. This combination suggests a transition from freshness to over-ripeness, evoking a sense of nostalgia or bittersweetness as they symbolize the passage of time and the fleeting nature of perfection. The contrasting textures could reflect a mood of longing or acceptance, as one contemplates the beauty and impermanence of life.",3,happiness,2,disgust,5,joy,0
C:\Users\manee\EmoSet-118K-7\image/disgust/disgust_04622.jpg,"The image depicts an abandoned industrial building, characterized by its peeling paint and weathered brickwork. Overgrown vegetation encroaches upon the structure, suggesting neglect and forgotten history. The somber atmosphere is accentuated by the grey sky and the remnants of rusted equipment scattered around. This scene evokes feelings of isolation, nostalgia, and a connection to the past, suggesting a sense of melancholy as nature reclaims what was once a bustling space.",5,sadness,7,disgust,5,sadness,7
C:\Users\manee\EmoSet-118K-7\image/sadness/sadness_10463.jpg,"The image captures a somber moment: an elderly individual sits on a city sidewalk, hunched over with their head resting on their knees, suggesting feelings of sadness or despair. The muted background contrasts with a vibrant, multicolored bag beside them, highlighting the isolation and emotional weight of the scene. Fallen leaves scattered around evoke a sense of transition and loss, further emphasizing the person's emotional state.",7,sadness,7,sadness,7,sadness,7
C:\Users\manee\EmoSet-118K-7\image/sadness/sadness_05053.jpg,"The image showcases a whimsical display of masks and skulls, surrounded by bright orange berries. The masks, featuring exaggerated facial expressions—one smiling with a jagged grin, another with a haunting gaze—convey a blend of playfulness and eeriness. The vibrant colors and quirky arrangement create an atmosphere that is both festive and slightly macabre, inviting a feeling of curiosity and delight while hinting at themes of Halloween and the supernatural.",7,happiness,2,excitement,3,joy,0
C:\Users\manee\EmoSet-118K-7\image/fear/fear_11170.jpg,"A young athlete in a black uniform powerfully strikes a football on a vibrant blue field. His body is fully engaged, showcasing determination and focus as he executes the kick. The motion captures a moment of intense concentration and effort, reflecting a competitive spirit and drive to succeed. Dust kicks up from the turf, adding to the energy of the scene.",6,happiness,2,excitement,3,joy,0
C:\Users\manee\EmoSet-118K-7\image/excitement/excitement_17569.jpg,"A vibrant meadow filled with a multitude of colorful flowers sways gently in the breeze, creating a picturesque scene that evokes feelings of joy and serenity. The bright reds, purples, and blues contrast beautifully against the lush green grass, inviting a sense of peace and contentment. This lively landscape inspires happiness, reminiscent of carefree summer days and the beauty of nature's diversity.",3,happiness,2,joy,2,joy,0
C:\Users\manee\EmoSet-118K-7\image/contentment/contentment_16489.jpg,"A vibrant scene at a bustling amusement park, filled with laughter and excitement. In the foreground, a child swings joyfully through the air, their expressive face radiating pure delight. Surrounding them, a diverse crowd of families and friends revels in the festivities, with colorful rides and games adding to the cheerful atmosphere. The overall emotion captures the thrill of adventure and the joy of shared experiences, evoking a sense of happiness and carefree enjoyment.",2,happiness,2,joy,2,joy,0
C:\Users\manee\EmoSet-118K-7\image/amusement/amusement_14258.jpg,"A football player in a blue team uniform demonstrates a joyful leap as they skillfully execute a kick on the field, showcasing determination and excitement. The athlete's expression exudes confidence and enthusiasm, embodying the competitive spirit of the game. In the background, teammates are engaged in practice, adding to the lively atmosphere of the scene.",0,happiness,2,joy,2,joy,0
C:\Users\manee\EmoSet-118K-7\image/excitement/excitement_03588.jpg,"A breathtaking view of snow-covered mountains under a clear blue sky, evoking a sense of tranquility and awe. The vastness of the landscape, with its towering peaks and gentle valleys, inspires feelings of peace and wonder, inviting reflection and appreciation of nature's grandeur.",3,happiness,2,joy,2,joy,0
C:\Users\manee\EmoSet-118K-7\image/awe/awe_12875.jpg,"A dramatic scene unfolds as massive flames erupt from a ship, illuminating the night sky with a fiery glow. Sparks fly amidst the chaos, creating a spectacle of excitement and danger. The tension builds as onlookers watch, captivated by the intensity of the moment. Emotions of thrill and exhilaration fill the air, reflecting the drama of a high-stakes adventure unfolding before them.",1,happiness,2,joy,2,joy,0
C:\Users\manee\EmoSet-118K-7\image/anger/anger_04445.jpg,"A close-up image of a golden spider intricately suspended in its web, surrounded by a soft, blurred green background. The spider's body is textured and appears both delicate and powerful, evoking feelings of curiosity and perhaps unease. The ethereal quality of the light glinting off the silk strands contrasts with the spider's tenacious posture, suggesting emotions of vigilance and patience in its natural habitat.",4,happiness,2,disgust,5,joy,0
C:\Users\manee\EmoSet-118K-7\image/disgust/disgust_08597.jpg,"A woman stands in awe, her back turned towards the viewer, gazing serenely at a sky filled with vibrant hot air balloons drifting gracefully above an enchanting landscape. The warm hues of the sunset illuminate her flowing red dress, symbolizing a feeling of wonder and freedom as she embraces the beauty of the moment. This image captures a sense of tranquility and joy, inviting a deep appreciation for nature's splendor.",5,happiness,2,joy,2,joy,0
C:\Users\manee\EmoSet-118K-7\image/amusement/amusement_10487.jpg,"Two playful dogs are engaging in a friendly tussle on a soft surface. One dog, a black-and-white mix, is playfully biting the paw of the other, a golden retriever, who appears to be enjoying the interaction with a relaxed expression. Their body language indicates a playful and joyous atmosphere, highlighting their friendship and energy in this lighthearted moment.",0,happiness,2,joy,2,joy,0
C:\Users\manee\EmoSet-118K-7\image/anger/anger_11374.jpg,"A cheerful young girl sitting in front of a colorful toy kitchen. She is holding a small pan and a spoon, wearing a pink pajama set with a floral pattern. Her bright smile and sparkling eyes reflect joy and playfulness, suggesting that she is enjoying her imaginative cooking game. The vibrant colors of the toy kitchen enhance the playful atmosphere, capturing a moment of innocent creativity and happiness.",4,happiness,2,joy,2,joy,0
C:\Users\manee\EmoSet-118K-7\image/contentment/contentment_12803.jpg,"A ghostly figure, draped in tattered black and gray fabric, hangs ominously by a door. Its wilting silhouette and muted colors evoke a sense of eeriness and foreboding, suggesting a haunting presence. The dim lighting adds to the unsettling atmosphere, inviting an emotion of suspense and trepidation.",2,sadness,7,fear,6,sadness,7
C:\Users\manee\EmoSet-118K-7\image/fear/fear_11093.jpg,"The image depicts a serene and tranquil natural scene, featuring a gentle stream cascading over smooth rocks and flowing through a mossy landscape. The water glistens softly in muted tones, while the rich textures of the stones and fallen branches enhance the sense of calm. This setting evokes emotions of peace and reflection, inviting contemplation and a sense of connection with nature. The interplay of light and shadow adds depth, contributing to an atmosphere of quiet solitude.",6,happiness,2,joy,2,joy,0
C:\Users\manee\EmoSet-118K-7\image/amusement/amusement_18363.jpg,"In the image, a life-sized cardboard cutout of Homer Simpson stands with arms crossed, displaying a somewhat stern or displeased expression. Next to him, a woman in a dark outfit leans against a wall with her arms crossed as well, mirroring the stance of the cartoon character. This pose suggests a mood of dissatisfaction or annoyance shared between both the figure and the woman, creating a humorous contrast between the animated character's exaggerated expression and her serious demeanor. The overall tone of the scene evokes feelings",0,happiness,2,disgust,5,joy,0
C:\Users\manee\EmoSet-118K-7\image/fear/fear_02565.jpg,"A close-up image of a brown slug slowly creeping across a textured surface of gravel and concrete. Its delicate antennae are extended, exploring its surroundings as it leaves a glistening trail behind. The environment is damp, suggesting a sense of calmness and tranquility amidst nature. The slug's slow movement evokes feelings of patience and curiosity, reflecting a quiet and contemplative emotion.",6,happiness,2,fear,6,joy,0
C:\Users\manee\EmoSet-118K-7\image/awe/awe_13215.jpg,"A cheerful cheerleader in a vibrant uniform beams with joy as she energetically holds her pom-poms, expressing a sense of excitement and enthusiasm. Her bright smile and lively demeanor reflect the exhilaration of the game day atmosphere, capturing the joy of supporting her team.",1,happiness,2,joy,2,joy,0
C:\Users\manee\EmoSet-118K-7\image/amusement/amusement_16114.jpg,"In this image, a person with bright red face paint and a dramatic costume is expressing a fierce and intense emotion. Their wide-open mouth reveals a frantic scream, and the bare, wild eyes convey a sense of excitement or terror. They are holding a playful spider prop, contrasting the overall aggressive expression with a hint of humor. The dark background adds to the dramatic atmosphere, enhancing the feeling of chaos or fear.",0,happiness,2,fear,6,joy,0
C:\Users\manee\EmoSet-118K-7\image/fear/fear_02925.jpg,"A joyful baby smiles broadly, revealing a playful demeanor. Their eyes twinkle with happiness, and a hand playfully rests near their mouth, adding to the overall expression of delight and contentment. The soft pink background enhances the cheerful atmosphere, emphasizing the warmth and innocence of this joyful moment.",6,happiness,2,joy,2,joy,0
C:\Users\manee\EmoSet-118K-7\image/amusement/amusement_08350.jpg,"A brightly colored surfboard with intricate designs rests on wooden decking, its leash coiled nearby, suggesting anticipation and readiness for the waves. The scene conveys a sense of excitement and adventure, as if the surfer is eagerly awaiting the thrill of riding the ocean's swells.",0,happiness,2,excitement,3,joy,0
C:\Users\manee\EmoSet-118K-7\image/amusement/amusement_03468.jpg,"A beautifully plated dish featuring creamy burrata cheese at the center, surrounded by vibrant cherry tomatoes in shades of red and yellow, drizzled with a rich balsamic reduction and a fresh basil garnish. The arrangement is artful and inviting, evoking a sense of indulgence and delight that captures the joy of culinary artistry.",0,happiness,2,joy,2,joy,0
C:\Users\manee\EmoSet-118K-7\image/amusement/amusement_14616.jpg,"The image captures a joyful moment between a woman and a character dressed as Pluto. The woman, wearing sunglasses and a casual outfit, is smiling widely and raising her arm in a playful gesture, while Pluto, with a cheerful expression, mirrors her excitement with raised arms. The vibrant surroundings and their energetic poses evoke a strong sense of happiness and fun, highlighting a delightful interaction in a lively setting.",0,happiness,2,joy,2,joy,0
C:\Users\manee\EmoSet-118K-7\image/excitement/excitement_18360.jpg,"A passionate performer is captured mid-performance, conveying intense emotion and energy. With one arm raised and a microphone in hand, the artist's expression suggests deep engagement and fervor, embodying the rawness of a live music experience. The colorful lights and festive decorations in the background add to the vibrant atmosphere, enhancing the sense of excitement and connection with the audience. The tattoos on their arms reflect personal stories and individuality, further emphasizing the emotional depth of the moment.",3,happiness,2,excitement,3,joy,0
C:\Users\manee\EmoSet-118K-7\image/fear/fear_14408.jpg,"The image depicts a weathered gravestone marking the resting place of John Steel Sr., who lived from 1789 to 1860. The inscription reflects a sense of loss and remembrance, highlighting the passage of time and the enduring bond of family. The phrase ""Dearest Father"" conveys deep affection and sorrow, evoking emotions of mourning and nostalgia. This gravestone serves as a poignant reminder of life lived and the impact of absence, inviting contemplation on love and remembrance.",6,happiness,2,sadness,7,joy,0
C:\Users\manee\EmoSet-118K-7\image/sadness/sadness_06456.jpg,"An elderly man sits in a patterned armchair, gazing slightly off to the side with a furrowed brow and a neutral expression. He wears glasses and a light jacket, holding a newspaper that rests on his lap. The natural light from the window highlights the greenery outside, contrasting with his somewhat weary demeanor. The setting conveys a sense of contemplation or melancholy, suggesting he may be lost in thought or reflecting on the news he’s reading.",7,happiness,2,joy,2,joy,0
C:\Users\manee\EmoSet-118K-7\image/sadness/sadness_01762.jpg,"A serene lakeside view captures the essence of tranquility. The calm water reflects a bright blue sky dotted with fluffy white clouds, creating a peaceful and inviting atmosphere. A boat sits gently at the dock, suggesting a perfect day for relaxation and leisure. The surrounding greenery enhances the sense of harmony with nature, evoking feelings of contentment and serenity.",7,happiness,2,joy,2,joy,0
C:\Users\manee\EmoSet-118K-7\image/contentment/contentment_00557.jpg,"A beautifully seasoned cut of meat rests on a dark tray, glistening with herbs and spices, evoking feelings of anticipation and hunger. The rich colors and texture suggest a succulent meal, likely prepared for a special occasion or a hearty feast, radiating warmth and satisfaction.",2,happiness,2,joy,2,joy,0
C:\Users\manee\EmoSet-118K-7\image/disgust/disgust_08783.jpg,"A young woman with a playful and carefree demeanor poses confidently in front of a colorful urban backdrop. With her pink jacket and stylish sunglasses, she appears to be enjoying a moment of freedom, exuding a sense of joy and self-expression. Her slightly tousled hair and spirited gesture suggest a lively and upbeat emotion, capturing the essence of youthful exuberance.",5,happiness,2,joy,2,joy,0
C:\Users\manee\EmoSet-118K-7\image/amusement/amusement_03484.jpg,"A man is holding a newspaper with a wide grin on his face, clearly expressing excitement and enthusiasm. His eyes are bright, and he is pointing at the headline, suggesting he is delighted about the news being reported. The overall atmosphere conveys a sense of joy and celebration.",0,happiness,2,excitement,3,joy,0
C:\Users\manee\EmoSet-118K-7\image/excitement/excitement_02518.jpg,"A sunlit scene featuring lush palm trees and ornate architecture, evoking a sense of tranquil beauty and serenity. The clear blue sky complements the vibrant greenery, creating an atmosphere that feels inviting and peaceful, suggesting a tranquil emotion amidst a picturesque setting.",3,happiness,2,joy,2,joy,0
C:\Users\manee\EmoSet-118K-7\image/awe/awe_13846.jpg,"In this image, a woman displays a fierce expression, characterized by a tightly clenched jaw and bared teeth. Her eyebrows are furrowed, and her eyes are wide open, conveying a strong sense of frustration or anger. She holds a bright red condiment bottle tightly in one hand, which adds to the intensity of her emotion. The overall atmosphere suggests she may be reacting strongly to a situation, possibly feeling provoked or upset.",1,happiness,2,anger,4,joy,0
C:\Users\manee\EmoSet-118K-7\image/anger/anger_11404.jpg,"A beautifully lit scene showcases a gazebo surrounded by vibrant, glowing lights resembling flowers. The warm colors of red, orange, and yellow illuminate the dark night, creating a cozy and festive atmosphere. This enchanting display evokes feelings of warmth, joy, and celebration, reminiscent of holiday cheer and togetherness.",4,happiness,2,joy,2,joy,0
C:\Users\manee\EmoSet-118K-7\image/amusement/amusement_16497.jpg,"A beautifully decorated Christmas tree adorned with vibrant ornaments and sparkling lights stands tall, surrounded by a delightful array of wrapped gifts and plush toys. The warm glow of the lights creates a cozy and inviting atmosphere, evoking feelings of joy, nostalgia, and festive cheer. The scene captures the essence of holiday spirit, making it a perfect representation of happiness and celebration.",0,happiness,2,joy,2,joy,0
C:\Users\manee\EmoSet-118K-7\image/amusement/amusement_18695.jpg,"A joyful moment captured in the snow, showcasing a beaming father holding his delighted baby, both enveloped in warm, colorful winter gear. The father’s wide smile and the baby’s grin radiate happiness and playful enthusiasm, creating an atmosphere of warmth and love amidst the winter landscape. The snowy backdrop enhances the cheerful, carefree emotions of this tender family interaction.",0,happiness,2,joy,2,joy,0
C:\Users\manee\EmoSet-118K-7\image/amusement/amusement_11315.jpg,"A vibrant bouquet featuring cheerful sunflowers and a mix of lush greenery, elegantly wrapped in burlap. The bright colors and natural textures evoke feelings of joy and warmth, suggesting a celebration or a heartfelt gesture of appreciation. The bouquet's fresh, lively appearance invites a sense of positivity and happiness.",0,happiness,2,joy,2,joy,0
C:\Users\manee\EmoSet-118K-7\image/amusement/amusement_08658.jpg,"An old, partially collapsed tunnel emerges from a carpet of fallen leaves and twisted branches, surrounded by a dense, quiet forest. The dark, shadowy entrance hints at secrets and unknown paths within, evoking a sense of mystery and unease. The natural decay of the surrounding landscape adds to the somber atmosphere, suggesting themes of abandonment and the passage of time.",0,sadness,7,disgust,5,sadness,7
C:\Users\manee\EmoSet-118K-7\image/fear/fear_14794.jpg,"A close-up shot of a Christmas tree with lush green pine branches intertwined with warm, glowing lights. The soft illumination casts a cozy, inviting ambiance, evoking feelings of joy, nostalgia, and holiday cheer. The playful bokeh effect of the lights enhances the dreamlike quality, making it a perfect representation of a festive and heartwarming atmosphere.",6,happiness,2,joy,2,joy,0
C:\Users\manee\EmoSet-118K-7\image/amusement/amusement_12132.jpg,"This image captures a dimly lit interior scene through a worn window, with peeling paint and a curtain gently flowing in the breeze. The monochromatic tones amplify a sense of nostalgia and decay, evoking feelings of melancholy and abandonment. The delicate fabric of the curtain contrasts with the rough textures of the walls, suggesting a longing for the passage of time and lost moments, inviting contemplation and introspection.",0,happiness,2,sadness,7,joy,0
C:\Users\manee\EmoSet-118K-7\image/fear/fear_08768.jpg,"A woman sits at a traditional Japanese-style table in a serene and inviting room, surrounded by large windows that offer a view of lush greenery outside. She holds a bowl of food, appearing relaxed and content, with a slight smile suggesting enjoyment of the moment. The calm ambiance and natural light contribute to an overall feeling of tranquility and satisfaction.",6,happiness,2,joy,2,joy,0
C:\Users\manee\EmoSet-118K-7\image/contentment/contentment_12617.jpg,"A young child lies on a soft surface near a window, looking dejected. Her lips are pursed in a pout, and her expression conveys disappointment or sadness. The combination of her forlorn gaze and relaxed posture suggests she may be feeling a bit down or frustrated. The cozy sweater adds a touch of warmth to the scene, contrasting with her evident emotional state.",2,happiness,2,sadness,7,joy,0
C:\Users\manee\EmoSet-118K-7\image/sadness/sadness_08835.jpg,"In this image, two snakes are coiled together in a natural setting, surrounded by foliage and underbrush. The atmosphere appears calm and slightly mysterious, suggesting a moment of tranquility or tension in their coexistence. The snakes blend seamlessly with their environment, highlighting their stealthy nature. This serene yet potentially tense scene invites contemplation about the dynamics of survival and instinct in the wild. The emotion present could be interpreted as a blend of peace and caution, reflecting the delicate balance of nature.",7,happiness,2,disgust,5,joy,0
C:\Users\manee\EmoSet-118K-7\image/fear/fear_09937.jpg,"The image depicts a solemn gathering in remembrance of Liu Xiaobo, marking the first anniversary of his passing. A backdrop features his portrait alongside inscriptions in both Chinese and English, emphasizing the event's theme of remembrance. In the foreground, a statue representing Liu Xiaobo is adorned with flowers, symbolizing respect and mourning. The shadows of attendees are visible, reflecting a shared sense of loss and reflection. The overall atmosphere conveys emotions of grief, respect, and commemoration.",6,sadness,7,excitement,3,joy,0
C:\Users\manee\EmoSet-118K-7\image/sadness/sadness_06155.jpg,"In this vibrant scene, a woman dressed in colorful traditional attire gently interacts with a young llama, embodying warmth and tenderness. Her soft smile and focused expression reflect a deep connection and affection for the animal. The setting, adorned with rich textiles and natural surroundings, enhances the feeling of joy and companionship between them, evoking emotions of love and harmony.",7,happiness,2,joy,2,joy,0
C:\Users\manee\EmoSet-118K-7\image/contentment/contentment_00480.jpg,"The image depicts a cluttered and messy scene filled with various types of litter, including plastic bags, food containers, cans, and other discarded items. The chaos of the trash reflects a sense of neglect and environmental distress, evoking feelings of sadness and frustration regarding urban waste management and pollution.",2,sadness,7,sadness,7,sadness,7
C:\Users\manee\EmoSet-118K-7\image/disgust/disgust_08806.jpg,"In this cheerful and playful image, two characters are seen enjoying a lively moment. The character on the left, dressed in green, has a bright smile, exuding a sense of mischief and joy. Meanwhile, the character on the right, wearing an exaggerated hat and colorful costume, appears animated and enthusiastic, possibly in the middle of a humorous or dramatic expression. The overall atmosphere conveys a sense of fun and camaraderie, capturing a lighthearted and whimsical mood.",5,happiness,2,joy,2,joy,0
C:\Users\manee\EmoSet-118K-7\image/contentment/contentment_15351.jpg,"A solitary figure sits on the sandy beach, strumming a guitar while gazing out at the tranquil blue ocean. The calm waves lap gently at the shore, creating a serene atmosphere that hints at introspection or longing. The person, cloaked in a hooded garment, appears absorbed in their music, evoking a sense of peaceful solitude and emotional reflection amidst the beauty of nature. The scene encapsulates a moment of connection with both the ocean's rhythm and the deep resonance of music, suggesting a",2,happiness,2,joy,2,joy,0
C:\Users\manee\EmoSet-118K-7\image/excitement/excitement_08328.jpg,"A jubilant performer dances joyfully in a vibrant parade, wearing a glittering golden outfit and colorful accessories. With a broad smile and arms uplifted in celebration, the scene radiates a sense of exuberance and carefree spirit, surrounded by an enthusiastic crowd enjoying the festive atmosphere.",3,happiness,2,joy,2,joy,0
C:\Users\manee\EmoSet-118K-7\image/contentment/contentment_10439.jpg,"A young girl rides her bicycle down a sunny pathway, exuding a sense of joy and adventure. Her bright red jacket contrasts beautifully with the soft pink blossoms in the background, and her playful smile hints at the excitement of a day spent outdoors. The vibrant yellow flowers frame the scene, adding a touch of warmth and cheerfulness, perfectly capturing the carefree spirit of childhood.",2,happiness,2,joy,2,joy,0
C:\Users\manee\EmoSet-118K-7\image/excitement/excitement_17779.jpg,"A performer in a vibrant red blazer and playful devil horns passionately plays an electric guitar on stage, exuding an energetic and spirited vibe. The dynamic atmosphere is enhanced by her focused expression as she engages with the music, embodying a mix of confidence and excitement. The background hints at a lively concert setting, inviting viewers to feel the intensity and joy of live performance.",3,happiness,2,joy,2,joy,0
C:\Users\manee\EmoSet-118K-7\image/excitement/excitement_11103.jpg,"A young child with a joyful expression stands in a gravel parking lot, wearing a bright red plaid shirt. Her eyes are sparkling with delight, and she seems to be caught in a moment of playful excitement, possibly anticipating a fun activity. The sun shines down, accentuating her cheerful demeanor against a backdrop of cars and a clear blue sky. This scene captures the essence of childhood joy and wonder.",3,happiness,2,joy,2,joy,0
C:\Users\manee\EmoSet-118K-7\image/amusement/amusement_05205.jpg,"A vibrant, lush bush brimming with bright red flowers, set against a backdrop of green leaves and subtle hints of other plant life. The abundance of blossoms evokes feelings of joy, passion, and vitality, inspiring a sense of warmth and beauty in nature. The overall scene radiates positivity and enthusiasm, suggesting a bright and cheerful atmosphere.",0,happiness,2,joy,2,joy,0
C:\Users\manee\EmoSet-118K-7\image/fear/fear_13435.jpg,"The image depicts a chaotic scene with thick smoke engulfing a building, suggesting an emergency situation. A fire truck is positioned nearby, indicating an active response to a fire. The presence of bystanders, combined with the billowing smoke and urgency of the moment, evokes feelings of alarm, tension, and urgency. The overall atmosphere conveys a sense of distress and seriousness as people respond to the unfolding crisis.",6,fear,6,disgust,5,optimism,3
C:\Users\manee\EmoSet-118K-7\image/fear/fear_07549.jpg,"A striking installation depicts a vivid blue figure climbing a textured concrete wall, clutching a trumpet. The figure's dynamic pose suggests a sense of adventure and spontaneity, embodying a lively spirit. The contrast between the bold blue of the figure and the neutral tones of the building emphasizes themes of creativity and expression. This scene captures a moment of musical passion and the pursuit of artistic freedom, evoking a whimsical and energetic emotion.",6,happiness,2,disgust,5,joy,0
C:\Users\manee\EmoSet-118K-7\image/excitement/excitement_10165.jpg,"A young person with an open mouth and wide eyes expresses pure excitement and joy, with an enthusiastic gesture towards their surroundings. Their bright smile and the lively context of the green trees and cloudy sky amplify the feeling of elation and spontaneity.",3,happiness,2,joy,2,joy,0
C:\Users\manee\EmoSet-118K-7\image/disgust/disgust_05065.jpg,"A vividly colored spider, adorned with striking yellow and black stripes and a hint of red, is delicately suspended in a web. The intricate patterns of its web glisten in the light, highlighting the spider's intricate craftsmanship and creating an atmosphere of both beauty and unease. This image evokes a sense of curiosity and apprehension, inviting viewers to explore the fascinating yet often misunderstood world of arachnids.",5,happiness,2,excitement,3,joy,0
C:\Users\manee\EmoSet-118K-7\image/fear/fear_03455.jpg,"In this eerie scene, two figures painted with ghostly white makeup and exaggerated features, resembling zombies or spirits, gaze upward with wide, almost vacant eyes. Their expressions blend a sense of confusion and mild horror, accentuated by the dark, stormy backdrop. The contrast between their unsettling appearance and the casual act of using mobile phones adds an absurdity to the atmosphere, evoking a mix of fear and dark humor.",6,happiness,2,fear,6,joy,0
C:\Users\manee\EmoSet-118K-7\image/sadness/sadness_01028.jpg,"A man and a child are captured in a bathroom, both displaying expressions of distress. The man's face is contorted in a pained grimace, suggesting fear or anxiety, while the child appears startled, clinging to the man with wide eyes and a wary expression. The overall atmosphere conveys a moment of discomfort or surprise, inviting a sense of urgency or concern.",7,sadness,7,sadness,7,fear,6
C:\Users\manee\EmoSet-118K-7\image/sadness/sadness_12567.jpg,"Two young calves are nestled closely together in a lush green field, their expressions conveying a sense of curiosity and affection. One calf gently nuzzles the other's face, showcasing a bond that suggests trust and companionship. The scene exudes warmth and innocence, highlighting the emotional connection between the two animals. Their playful interaction invites a sense of joy and tranquility.",7,happiness,2,joy,2,joy,0
C:\Users\manee\EmoSet-118K-7\image/awe/awe_05662.jpg,"A breathtaking view of a majestic waterfall cascading into the lush green landscape below, adorned with a vibrant rainbow that arches gracefully through the mist. The scene captures the raw power and beauty of nature, evoking feelings of awe and tranquility. The swirling waters and the gentle sound of the falls create an atmosphere of serenity, inviting admiration and reflection. This image embodies a sense of wonder and the sublime, encouraging a deep appreciation for the natural world.",1,happiness,2,joy,2,joy,0
C:\Users\manee\EmoSet-118K-7\image/excitement/excitement_03798.jpg,"In the image, two women share a joyful moment on a lively street, both dressed in fashionable outfits that hint at a festive occasion. They are smiling and playfully posing for the camera, exuding an atmosphere of excitement and camaraderie. The background is softly illuminated, suggesting it's nighttime and adding to the cheerful vibe. Their expressions reflect happiness and a carefree spirit, making the overall emotion one of celebration and friendship.",3,happiness,2,joy,2,joy,0
C:\Users\manee\EmoSet-118K-7\image/awe/awe_07507.jpg,"A breathtaking view of a majestic mountain peak, crowned with snow and bathed in sunlight. Below, lush green forests stretch across the landscape, while soft clouds drift lazily at the mountain's base. The scene evokes a sense of awe and tranquility, capturing the beauty and grandeur of nature.",1,happiness,2,joy,2,joy,0
C:\Users\manee\EmoSet-118K-7\image/disgust/disgust_10499.jpg,"A striking close-up of a vibrant red and black cockroach resting on a green leaf. The insect's glossy exoskeleton contrasts with the lush greenery, creating a vivid scene. The cockroach's long antennae and segmented body suggest alertness, evoking a sense of curiosity or cautious exploration in its natural habitat.",5,happiness,2,disgust,5,joy,0
C:\Users\manee\EmoSet-118K-7\image/contentment/contentment_14830.jpg,"A vibrant starling is perched on a wooden surface, its beak wide open as it chirps joyfully. The bird's iridescent feathers glimmer in the sunlight, displaying hues of green and purple. In its beak, a small piece of food is visible, suggesting a moment of triumph and satisfaction. The surrounding greenery adds a lively backdrop, enhancing the scene's overall sense of energy and happiness. This image captures a moment of exuberance and contentment in nature.",2,happiness,2,joy,2,joy,0
C:\Users\manee\EmoSet-118K-7\image/contentment/contentment_11474.jpg,"A poised woman in a vibrant red cheongsam stands gracefully amid lush greenery and blooming flowers. Her delicate expression and subtle smile convey a sense of serenity and joy. The sunlight filters through the foliage, casting a warm glow that enhances the peaceful atmosphere of the scene, suggesting feelings of contentment and elegance in her surroundings.",2,happiness,2,joy,2,joy,0
C:\Users\manee\EmoSet-118K-7\image/disgust/disgust_06043.jpg,"The image depicts a cluttered outdoor space filled with golf clubs and bags stacked haphazardly against a wall, alongside black garbage bags overflowing with debris. The scene conveys a sense of neglect and abandonment, evoking feelings of sadness and loss. The hidden potential of the golf equipment contrasts sharply with the disorder of the garbage, suggesting a forgotten activity that once brought joy, now overshadowed by disarray.",5,sadness,7,sadness,7,sadness,7
C:\Users\manee\EmoSet-118K-7\image/sadness/sadness_06068.jpg,"The image captures a man with a contemplative expression, his hands resting on his face, suggesting a deep sense of introspection or fatigue. His furrowed brows and slightly downturned mouth convey feelings of stress or reflection, while the monochromatic tones emphasize a somber mood. The background fades into a soft blur, focusing attention on his expressive features, evoking a sense of heaviness or emotional weariness.",7,happiness,2,sadness,7,joy,0
C:\Users\manee\EmoSet-118K-7\image/sadness/sadness_10219.jpg,"The image captures a woman resting her head, her expression conveying a sense of sadness or contemplation. Her long, flowing hair lays softly around her, and the gentle lighting highlights her delicate features. The overall mood reflects introspection, perhaps suggesting a moment of vulnerability or emotional depth.",7,happiness,2,sadness,7,joy,0
C:\Users\manee\EmoSet-118K-7\image/amusement/amusement_11175.jpg,"A charming holiday figurine of Santa Claus stands against a warm wooden backdrop. Dressed in a traditional red suit with a white fur trim, he holds festive decorations, including a small sprig of holly and a jingle bell necklace. The scene evokes a sense of joy and nostalgia, celebrating the warmth and spirit of the festive season. The details of the figurine suggest a cheerful and welcoming emotion, inspiring feelings of happiness and holiday cheer.",0,happiness,2,joy,2,joy,0
C:\Users\manee\EmoSet-118K-7\image/sadness/sadness_08798.jpg,"A young boy sits alone on a bench, hunched over with his head down and hands clasped in his lap. His body language conveys a sense of sadness or contemplation, surrounded by empty space on the adjacent bench. The muted colors and isolated setting amplify feelings of loneliness or introspection.",7,sadness,7,sadness,7,sadness,7
C:\Users\manee\EmoSet-118K-7\image/sadness/sadness_03600.jpg,"A young girl sits confidently on a man's shoulders, her bright floral top and colorful hat standing out against the blurred, bustling crowd around them. With a focused expression, she appears engaged and curious, observing her surroundings from her elevated perch, while the man below seems attentive and supportive. This scene captures a sense of wonder and connection as they navigate the lively environment together.",7,happiness,2,excitement,3,joy,0
C:\Users\manee\EmoSet-118K-7\image/anger/anger_04211.jpg,"In a dimly lit urban scene, a vehicle is engulfed in flames, sending bright orange and yellow fire into the dark night sky. Smoke billows all around, creating an atmosphere of chaos and danger. In the foreground, a figure is captured mid-run, conveying a sense of urgency and fear. The overall mood is tense and volatile, highlighting feelings of panic and unrest in the midst of destruction.",4,fear,6,fear,6,fear,6
C:\Users\manee\EmoSet-118K-7\image/fear/fear_09756.jpg,"Two classic monster figures stand together, both with raised hands as if expressing alarm or surprise. The green-skinned figure, reminiscent of Frankenstein’s monster, displays a worried expression with wide eyes and a slight grimace. Next to them, a creature resembling a suave yet troubled character sports a similar look of distress, with a pronounced frown and a visible scar marking their forehead. The overall scene conveys a sense of panic and urgency, suggesting they might be caught in a moment of fright or confusion.",6,fear,6,fear,6,fear,6
C:\Users\manee\EmoSet-118K-7\image/excitement/excitement_01472.jpg,"In a vibrant urban setting, a young man wrapped in a colorful rainbow flag and two women, one in a traditional hijab and the other in festive attire, all share radiant smiles as they pose for a photo. The atmosphere is filled with joy and celebration, reflecting a spirit of inclusivity and unity. The background features a lively, multicolored mural, enhancing the cheerful ambiance of the moment.",3,happiness,2,joy,2,joy,0
C:\Users\manee\EmoSet-118K-7\image/excitement/excitement_05259.jpg,"The image captures a vibrant moment of joy and celebration at a lively event. A smiling individual embraces another person from behind, both appearing to enjoy the music and atmosphere, evident from their relaxed postures and expressions. The colorful lighting adds a festive touch, enhancing the sense of happiness and excitement in the scene.",3,happiness,2,joy,2,joy,0
C:\Users\manee\EmoSet-118K-7\image/amusement/amusement_03666.jpg,"The image showcases a festive scene featuring a cheerful reindeer ornament, shiny gold and red Christmas ornaments, and a playful figurine in a blue outfit sitting on a yellow sled. The vibrant colors and shiny textures reflect a sense of joy and celebration, evoking warm, nostalgic feelings associated with the holiday season.",0,happiness,2,joy,2,joy,0
C:\Users\manee\EmoSet-118K-7\image/amusement/amusement_09595.jpg,"The image captures a vibrant Ferris wheel illuminated with bright purple and orange lights against a dark evening sky. The glowing colors reflect beautifully on the water surface below, creating an enchanting atmosphere that evokes feelings of joy and excitement. The scene conveys a sense of wonder and celebration, reminiscent of a festive fair or carnival, inviting viewers to experience the thrill of a night out.",0,happiness,2,joy,2,joy,0
C:\Users\manee\EmoSet-118K-7\image/contentment/contentment_05366.jpg,"A serene young woman stands amidst lush greenery in a greenhouse, her eyes closed in a moment of reflection. She lightly touches a leaf, embodying a sense of tranquility and connection with nature, suggesting feelings of peace and introspection. The soft light filtering through the plants adds to the calming atmosphere, enhancing the emotional depth of the scene.",2,happiness,2,joy,2,joy,0
C:\Users\manee\EmoSet-118K-7\image/excitement/excitement_05313.jpg,"In this dynamic image, a focused cyclist navigates a challenging terrain during a race. Her determined posture, with a strong grip on the handlebars and a slight lean forward, conveys a sense of concentration and intensity. The vibrant colors of her gear and the surrounding environment highlight the competitive spirit of the event. This encapsulates a feeling of perseverance as she tackles obstacles, showcasing the emotional commitment required in cycling sports.",3,happiness,2,excitement,3,joy,0
C:\Users\manee\EmoSet-118K-7\image/fear/fear_12038.jpg,"In this poignant scene, an abandoned brick building stands against a backdrop of freshly fallen snow, evoking a sense of desolation and loss. Along the base of the structure, colorful wreaths are laid out, starkly contrasting with the cold, lifeless surroundings. The combination of the weathered building, the serene snow, and the sombre memorials creates a powerful atmosphere of remembrance and mourning, inviting contemplation on themes of grief, history, and the passage of time.",6,sadness,7,sadness,7,joy,0
C:\Users\manee\EmoSet-118K-7\image/awe/awe_14138.jpg,"A solitary bird walks gracefully along a shimmering beach at sunset, its reflection mirrored in the gentle waves. The warm hues of gold and soft orange in the sky evoke a sense of tranquility and peace, suggesting a moment of calm contemplation and serenity in nature. The bird's delicate movement through the serene setting captures the essence of quiet introspection and the beauty of solitude.",1,happiness,2,joy,2,joy,0
C:\Users\manee\EmoSet-118K-7\image/disgust/disgust_03176.jpg,"A disheveled pile of discarded plastic bags and clothing lies on an urban street, conveying a sense of neglect and environmental pollution. The crumpled textures and faded colors suggest a lack of care, evoking feelings of sadness and concern for the state of the environment.",5,sadness,7,disgust,5,sadness,7
C:\Users\manee\EmoSet-118K-7\image/amusement/amusement_11241.jpg,"A beautifully arranged scene of culinary ingredients showcases a bowl of golden, crunchy toppings beside delicate strands of noodles. The vibrant red chili slices hint at a bold flavor profile. This composition evokes a sense of excitement and anticipation, suggesting the joy of preparing a delicious meal filled with rich flavors and textures.",0,happiness,2,joy,2,joy,0
C:\Users\manee\EmoSet-118K-7\image/disgust/disgust_10650.jpg,"The image features a close-up of a spider suspended in its intricately woven web, glistening with dewdrops. The spider, with its vivid colors, appears poised and deliberate, embodying a sense of focus and determination. The surrounding background is slightly blurred, giving a feeling of depth and enhancing the spider's presence. The overall mood conveys a mix of fascination and slight unease, reflecting both the beauty and the inherent predatory nature of the spider.",5,happiness,2,excitement,3,joy,0
C:\Users\manee\EmoSet-118K-7\image/anger/anger_09886.jpg,"In this intense moment captured in the boxing ring, two young fighters are engaged in a focused showdown. The athlete on the left, dressed in blue, demonstrates a defensive stance, signaling concentration and anticipation as he prepares for an oncoming attack. The fighter on the right, in red, exudes determination and readiness, his gaze fixed intently on his opponent, reflecting an eagerness to strike. The atmosphere is charged with tension, showcasing the raw emotions of competition—fear, excitement, and the",4,excitement,3,excitement,3,joy,0
C:\Users\manee\EmoSet-118K-7\image/fear/fear_01110.jpg,"The image features a doll with fabric wrapped around its face, wearing sunglasses and a dark coat. The combination of the covering and the glasses creates an anonymous, mysterious appearance, suggesting feelings of concealment and intrigue. The doll’s serious posture and the shadows cast on its face add a sense of tension, evoking emotions of curiosity and unease.",6,happiness,2,excitement,3,joy,0
C:\Users\manee\EmoSet-118K-7\image/anger/anger_10562.jpg,"A towering structure engulfed in bright flames illuminates the night sky, as thick plumes of smoke billow upward. Silhouettes of onlookers stand at a distance, capturing a moment that evokes a mix of awe and fear. The intense heat and chaotic beauty of the fire evoke feelings of destruction and transformation, stirring a profound sense of both loss and celebration in this dramatic scene.",4,happiness,2,fear,6,joy,0
C:\Users\manee\EmoSet-118K-7\image/disgust/disgust_04799.jpg,"A close-up view of a cockroach lying on a surface dotted with specks of dirt and debris, evoking feelings of disgust or unease. The insects' shiny, dark body contrasts with the surrounding grime, creating a visceral reaction as it typically symbolizes uncleanliness or decay in a domestic setting.",5,fear,6,disgust,5,sadness,7
C:\Users\manee\EmoSet-118K-7\image/excitement/excitement_10465.jpg,"A surfer skillfully rides a turbulent wave, demonstrating a blend of focus and exhilaration. The dynamic spray of water around them highlights the thrill of the moment, suggesting a sense of adventure and determination. Their balanced stance and outstretched arms convey confidence amidst the chaos of the ocean.",3,happiness,2,amusement,0,joy,0
C:\Users\manee\EmoSet-118K-7\image/amusement/amusement_06479.jpg,"A romantic setting is captured here, featuring elegantly arranged glasses of sparkling champagne accompanied by scattered rose petals on a table. The ambiance suggests a celebration or intimate gathering, evoking feelings of love, joy, and warmth. The presence of fresh food hints at a special occasion, enhancing the overall mood of togetherness and affection.",0,happiness,2,joy,2,joy,0
C:\Users\manee\EmoSet-118K-7\image/excitement/excitement_08437.jpg,"In this dynamic soccer scene, players are intensely engaged, showcasing a mix of determination and competitive spirit. One player, in a blue jersey, is maneuvering skillfully around opponents, conveying a sense of urgency and focus. The defenders, wearing white, display a combination of effort and tension as they attempt to intercept the ball. The goalkeeper, positioned attentively, adds to the high-stakes atmosphere. Overall, the image captures a moment of rivalry, reflecting emotions of excitement and determination from all players involved",3,happiness,2,excitement,3,joy,0
C:\Users\manee\EmoSet-118K-7\image/awe/awe_04686.jpg,"A close-up view of a vibrant sunflower, its bright yellow petals radiating warmth and joy, surrounds a dense circular cluster of dark seeds at the center. The flower stands out against a blurred background of green foliage, evoking feelings of happiness, positivity, and the beauty of nature in full bloom.",1,happiness,2,joy,2,joy,0
C:\Users\manee\EmoSet-118K-7\image/disgust/disgust_07745.jpg,"The image features a striking and chaotic pile of books cascading down in an uncontrolled manner, suggesting feelings of disarray and neglect. The scattered pages and disheveled covers evoke a sense of loss or abandonment, highlighting the forgotten stories and knowledge within. This visual can inspire emotions of nostalgia, curiosity, or even sadness, as it represents both the potential of knowledge and the reality of its deterioration.",5,happiness,2,sadness,7,sadness,7
C:\Users\manee\EmoSet-118K-7\image/contentment/contentment_10147.jpg,"In this tranquil scene, a lone cow grazes peacefully on a grassy hill as a thick fog envelops the landscape. The mist softly shrouds the distant buildings and trees, creating a serene and contemplative atmosphere. The muted colors and gentle composition evoke feelings of calmness and solitude, illustrating a quiet moment in nature where time seems to stand still.",2,happiness,2,joy,2,joy,0
C:\Users\manee\EmoSet-118K-7\image/amusement/amusement_01866.jpg,"A busy bee delicately lands on a vibrant yellow flower, surrounded by a backdrop of soft purple hues. The intricate details of the bee and the petals are highlighted, conveying a serene moment of harmony in nature. This image evokes a sense of tranquility and joy, reflecting the beauty of life's small, yet significant interactions.",0,happiness,2,joy,2,joy,0
C:\Users\manee\EmoSet-118K-7\image/anger/anger_04785.jpg,"In this image, a man dressed in military camouflage holds a sign that makes a provocative statement about protest and civil rights, reflecting a strong stance against perceived injustices. His expression suggests determination and defiance, capturing the spirit of activism. Surrounding him are fellow protesters, implying a collective sense of purpose and urgency in advocating for change. The emotions present are likely a mix of passion, frustration, and hope for justice.",4,happiness,2,anger,4,optimism,3
C:\Users\manee\EmoSet-118K-7\image/sadness/sadness_04863.jpg,"The image features a somber statue of a woman, her face tilted slightly downward, reflecting an emotion of contemplation or sorrow. With one hand raised to her forehead, she appears to be in deep thought or distress, while the other hand rests gently on an urn, symbolizing loss or remembrance. The green patina on the statue enhances the melancholic atmosphere, further deepening the sense of introspection and emotional weight. This poignant expression conveys feelings of grief and reflection.",7,happiness,2,sadness,7,joy,0
C:\Users\manee\EmoSet-118K-7\image/sadness/sadness_08287.jpg,"The image features a macaque with a contemplative expression, its eyes reflecting curiosity and wisdom. The slight furrow in its brow suggests an introspective mood, while its slightly open mouth adds a hint of vulnerability. The combination of these features creates an overall sense of calmness mixed with inquisitiveness, inviting viewers to ponder what the monkey might be thinking or feeling.",7,happiness,2,excitement,3,joy,0
C:\Users\manee\EmoSet-118K-7\image/excitement/excitement_12221.jpg,"In the image, a person is joyfully participating in a parade while wearing a humorous inflatable airplane costume and waving to the crowd. The vibrant atmosphere is filled with spectators gathered along the street, some even perched on rooftops, suggesting a lively celebration. The emotions conveyed are happiness, excitement, and a sense of fun, as the individual embraces the playful spirit of the event.",3,happiness,2,joy,2,joy,0
C:\Users\manee\EmoSet-118K-7\image/contentment/contentment_01142.jpg,"A tranquil scene captures a wooden boat gently resting by the shore, surrounded by still waters that reflect the soft hues of early morning. The misty backdrop and muted colors evoke a sense of calm and serenity, inviting feelings of peace and contemplation. The untouched landscape suggests a moment frozen in time, where nature reigns quietly, encouraging the viewer to pause and appreciate the simplicity of the moment.",2,happiness,2,joy,2,joy,0
C:\Users\manee\EmoSet-118K-7\image/sadness/sadness_12857.jpg,"The image depicts a row of weathered, abandoned buildings along a desolate road, surrounded by dry terrain and a clear blue sky. The dilapidated wooden structures, with peeling paint and broken windows, evoke a sense of nostalgia and loneliness. A solitary tree stands nearby, adding to the feeling of abandonment and quietude. The overall atmosphere communicates a poignant mix of desolation and the passage of time, suggesting a story of once-thriving life that has faded away.",7,sadness,7,anger,4,sadness,7
C:\Users\manee\EmoSet-118K-7\image/awe/awe_07349.jpg,"The image depicts a serene morning landscape, featuring tall, delicate wildflowers with a intricately woven spider's web glistening in the early sunlight. The mist rolls gently over the green fields in the background, creating a peaceful and tranquil atmosphere. This composition evokes feelings of calmness, beauty, and the quiet magic of nature at dawn.",1,happiness,2,joy,2,joy,0
C:\Users\manee\EmoSet-118K-7\image/sadness/sadness_01583.jpg,"The image depicts a scene of devastation, with a partially collapsed building and debris scattered across a barren landscape. The remnants of what once may have been a vibrant structure are now reduced to chaotic piles of twisted metal and shattered materials. The overcast sky looms above, contributing to an overarching sense of desolation and loss. This stark environment evokes emotions of sadness and despair, reflecting the aftermath of destruction and the challenges of recovery.",7,sadness,7,sadness,7,sadness,7
C:\Users\manee\EmoSet-118K-7\image/contentment/contentment_11192.jpg,"A warm family moment captured with an elderly couple smiling happily, surrounded by colorful flowers, indicating love and joy. The man, wearing glasses and a cozy sweater, has his arm around the woman, who looks content and grateful. In the background, a young child peeks out playfully, adding an element of joy and lightheartedness to the scene. The atmosphere is filled with warmth, affection, and connection.",2,happiness,2,joy,2,joy,0
C:\Users\manee\EmoSet-118K-7\image/awe/awe_11169.jpg,"A serene view of a majestic dome-shaped building nestled among lush green trees under a bright blue sky adorned with soft, fluffy clouds. The scene radiates tranquility and contemplation, evoking a sense of peace and reflection. The architectural elegance of the structure complements the natural beauty surrounding it, inviting one to appreciate the calm and inspiring atmosphere.",1,happiness,2,joy,2,joy,0
C:\Users\manee\EmoSet-118K-7\image/amusement/amusement_18748.jpg,"A vibrant and colorful ferris wheel stands tall against a bright blue sky, with fluffy clouds drifting by. The playful arrangement of the gondolas in various shades suggests a sense of fun and excitement, inviting feelings of joy and nostalgia associated with amusement parks and carefree moments. The scene evokes a lighthearted atmosphere, perfect for capturing the thrill and happiness of a day out.",0,happiness,2,joy,2,joy,0
C:\Users\manee\EmoSet-118K-7\image/fear/fear_12279.jpg,"A menacing figure with an exaggerated grin, wearing a weathered fedora and a striped sweater, stands imposingly against a textured background. His clawed hand is raised in a gesture that conveys both a challenge and a taunt. The overall atmosphere is dark and foreboding, evoking feelings of fear and intimidation.",6,anger,4,fear,6,joy,0
C:\Users\manee\EmoSet-118K-7\image/fear/fear_09470.jpg,"The image depicts a humanoid figure with a gray, textured face and an expression of shock or horror, marked by wide eyes and an open mouth as if in a scream. The body appears disheveled and dirty, contributing to a sense of unease. The posture, with arms slightly drawn inward, suggests a feeling of vulnerability or fear. This combination of elements conveys a strong emotion of terror or distress.",6,happiness,2,fear,6,fear,6
C:\Users\manee\EmoSet-118K-7\image/amusement/amusement_03475.jpg,"A delicate porcelain cup adorned with beautiful pink roses sits gracefully on a wooden surface, accompanied by a freshly picked pink rose. The soft light filtering through the greenery in the background creates a serene and tranquil atmosphere, evoking feelings of calmness and nostalgia. The combination of elegance and nature suggests a gentle warmth, inviting moments of reflection and appreciation for simple beauty.",0,happiness,2,joy,2,joy,0
C:\Users\manee\EmoSet-118K-7\image/amusement/amusement_00112.jpg,"A vibrant arrangement of brightly colored eggs—yellow, pink, and blue—sits on elegant white plates, creating a cheerful atmosphere. Nearby, a fresh yellow tulip adds a touch of nature, while small candies and glasses of juice enhance the festive setting. The overall scene exudes a sense of joy and celebration, evoking feelings of warmth and togetherness, often associated with springtime gatherings and festive occasions.",0,happiness,2,joy,2,joy,0
C:\Users\manee\EmoSet-118K-7\image/awe/awe_06893.jpg,"A muddy mountain biker peddles through a lush green forest, displaying focus and determination. His intense expression suggests a mix of effort and exhilaration, indicative of pushing through a challenging ride. The dirt on his jersey and face emphasizes the grueling nature of the sport, while the vibrant colors of his cycling gear contrast with the natural surroundings. This scene captures the thrill and resilience often felt during an adventure in the great outdoors.",1,happiness,2,amusement,0,joy,0
C:\Users\manee\EmoSet-118K-7\image/contentment/contentment_06409.jpg,"A well-dressed man sits comfortably on a stone bench in a lush garden, surrounded by vibrant greenery and flowering plants. He has a gentle smile and a relaxed posture, exuding a sense of contentment and tranquility. The bright blue sky above and the well-kept hedges in the background enhance the serene atmosphere, suggesting he is enjoying a peaceful moment in nature.",2,happiness,2,joy,2,joy,0
C:\Users\manee\EmoSet-118K-7\image/excitement/excitement_19676.jpg,"In this dynamic rugby scene, a player in a blue and yellow jersey is captured mid-action as he prepares to pass the ball, displaying intense focus and determination. The player’s body language suggests urgency and a competitive spirit, while his teammate, positioned behind him, exhibits a watchful expression, hinting at the anticipation of the play's outcome. The vibrant green field adds to the energetic atmosphere, emphasizing the adrenaline and passion often felt during competitive sports.",3,happiness,2,excitement,3,joy,0
C:\Users\manee\EmoSet-118K-7\image/excitement/excitement_04047.jpg,"In this vibrant scene, a group of four performers captures a playful and humorous spirit. They exhibit exaggerated facial expressions and dynamic poses, conveying excitement and comedic energy. The mix of colorful costumes—from a vest and glasses to a lab coat and a western outfit—enhances the lighthearted atmosphere. Their synchronized movements and expressive looks suggest they are engaged in an entertaining performance, likely evoking laughter and enjoyment from the audience. The overall emotion present is one of joy and amusement.",3,happiness,2,joy,2,joy,0
C:\Users\manee\EmoSet-118K-7\image/awe/awe_08712.jpg,"A breathtaking view of towering mountains capped with snow, where a cascading waterfall flows down the rocky face. The foreground features a mix of barren branches and patches of grass, hinting at the transition from winter to spring. The scene evokes a sense of awe and tranquility, capturing the majestic beauty of nature in a serene yet powerful moment.",1,happiness,2,excitement,3,joy,0
C:\Users\manee\EmoSet-118K-7\image/disgust/disgust_04265.jpg,"The image captures a disheartening scene of littered cigarette butts scattered across a sandy surface. The discarded remnants, some burnt and others intact, evoke feelings of neglect and pollution. This visual representation highlights environmental disregard, provoking a sense of sadness and concern for public health and cleanliness. The overall composition suggests a pressing need for awareness and action regarding waste management and the impact of smoking on the environment.",5,sadness,7,disgust,5,sadness,7
C:\Users\manee\EmoSet-118K-7\image/sadness/sadness_03691.jpg,"The image depicts the interior of a spacecraft or a similar technological environment, characterized by a tangle of wires, control panels, and mechanical elements surrounding a central seating area. A bright light shines from a circular opening, suggesting a contrast between the dark, enclosed space and the outside world. The overall atmosphere conveys a sense of isolation and confinement, possibly evoking feelings of tension or anticipation as one navigates the complexity of the machinery and the unknown beyond.",7,happiness,2,surprise,1,optimism,3
C:\Users\manee\EmoSet-118K-7\image/fear/fear_00385.jpg,"The image portrays a woman with a somber expression, her hands on her face in a gesture that conveys distress or introspection. The striking visual of skeletal projections on her skin adds a layer of depth, symbolizing themes of vulnerability and mortality. This combination evokes a powerful emotion of existential reflection or anxiety, inviting viewers to consider the fragility of life and the struggle within oneself.",6,happiness,2,disgust,5,fear,6
C:\Users\manee\EmoSet-118K-7\image/disgust/disgust_09638.jpg,"In this serene scene, a group of elegant white flamingos gracefully wade through the calm waters, creating a harmonious environment. In contrast, a solitary black swan floats among them, its vibrant colors drawing attention. The overall mood is tranquil, yet there’s a subtle tension introduced by the presence of the black swan, which can evoke feelings of uniqueness, curiosity, or even isolation. The lush greenery adds to the peaceful ambiance, inviting a sense of reflection.",5,happiness,2,joy,2,joy,0
C:\Users\manee\EmoSet-118K-7\image/contentment/contentment_01433.jpg,"A serene landscape showcasing a tranquil lake surrounded by vibrant autumn foliage and tall grasses. The calm water reflects the clear blue sky and scattered clouds, creating a peaceful scene. This harmonious setting evokes feelings of calmness, relaxation, and the beauty of nature. The gentle rustle of the leaves and the stillness of the water amplify the sense of serenity present in the environment.",2,happiness,2,joy,2,joy,0
C:\Users\manee\EmoSet-118K-7\image/awe/awe_08293.jpg,"A joyful bride beams with excitement, lifting her wedding gown playfully to reveal vibrant sneakers underneath. The contrast of her elegant dress and sporty shoes embodies a cheerful, carefree spirit, celebrating a special day with personality and fun. The lush greenery in the background adds to the cheerful atmosphere, enhancing the sense of happiness and spontaneity.",1,happiness,2,joy,2,joy,0
C:\Users\manee\EmoSet-118K-7\image/excitement/excitement_18836.jpg,"In a dimly lit, abandoned space, a solitary figure stands in the center, dressed in a dark hoodie. The atmosphere is heavy with isolation and introspection, as light filters through a large window, casting shadows on the worn wooden floor. The empty surroundings amplify a sense of solitude, evoking emotions of contemplation and vulnerability. The figure, holding an object in their hands, appears lost in thought, radiating a mix of sadness and contemplation in this stark, urban environment.",3,sadness,7,sadness,7,sadness,7
C:\Users\manee\EmoSet-118K-7\image/fear/fear_03031.jpg,"A serene family moment captured in a blooming orchard. The mother gently closes her eyes with a peaceful smile, embodying warmth and contentment. The father leans in to kiss her cheek while tenderly holding their baby, who looks curiously at the camera. The lush greenery and blossoms around them enhance the atmosphere of love and connection, reflecting a deep sense of joy and familial bliss.",6,happiness,2,joy,2,joy,0
C:\Users\manee\EmoSet-118K-7\image/contentment/contentment_15071.jpg,"A vibrant, colorful spread elegantly arranged on a bright green banana leaf showcases a traditional meal, exuding a sense of warmth and hospitality. Each element—from the fluffy rice and rich curries to the fresh vegetables and lightly fried snacks—invites a feeling of joy and indulgence, hinting at a celebration or feast. The delicateness of the accompanying flower accentuates the beauty of the meal, enhancing the overall emotion of delight and satisfaction in this idyllic dining experience.",2,happiness,2,joy,2,joy,0
